# source: 3d_live.unity3d, manifest hash 03581427e8175d790344fe20e6ee79be
live_id,bg_id
1,4032
2,4001
3,4001
4,4001
5,1001
6,2001
7,3001
8,4001
9,1001
10,2001
11,3001
12,1001
13,2001
14,3001
15,1001
17,3001
18,1001
19,4001
20,4001
21,4001
22,4001
23,1001
24,2001
25,2001
26,1001
27,3001
28,2001
29,4001
30,4001
31,2001
32,2001
33,3001
34,1001
35,2001
36,4002
37,3001
38,4001
39,2012
40,1001
41,1002
42,2002
43,3002
44,2001
45,4004
46,4005
47,4005
48,4005
50,4005
51,3001
52,1001
53,2001
54,4006
55,4003
56,1003
57,2003
58,3003
59,3001
60,1001
61,4001
62,4007
63,2001
64,3001
65,1001
66,2001
67,3001
68,1001
69,2001
70,3001
71,1001
72,2001
73,3001
74,1001
75,2001
76,3001
77,1001
78,2001
79,3001
80,1001
81,2001
82,3001
83,1001
84,3001
85,3001
86,2001
87,1001
88,2001
89,3001
90,1001
91,2001
92,3012
93,1014
94,3012
95,1014
96,2012
97,3012
98,1022
99,2022
100,3020
101,2012
102,1014
103,1014
104,3012
105,2026
106,3023
107,2012
108,1014
109,3023
110,2026
111,3023
112,2031
113,1032
114,2012
115,1014
116,3023
117,3023
118,3023
119,2012
120,1014
121,3036
122,3038
123,2041
124,2041
125,1041
126,1041
127,3038
128,1041
129,2041
130,2041
131,3038
132,2041
133,1050
134,2048
135,3038
136,2048
137,2048
138,2050
201,1014
202,2012
203,3012
204,1014
205,3012
206,3012
207,1014
208,2012
209,1014
210,2012
211,3012
212,3023
213,3012
214,1014
215,1014
216,2031
218,1041
301,4001
302,4008
303,1004
304,2004
305,3004
306,4009
307,4010
308,4011
309,1001
310,2001
311,3001
312,4001
313,4012
314,1005
315,4013
316,3005
317,4015
318,4016
319,4017
320,4019
321,4020
322,4018
323,2001
324,5001
325,4021
326,3006
327,4022
328,4024
329,1006
330,5001
331,4026
332,3007
333,4027
334,4028
335,4029
336,1007
337,3001
338,4030
339,5001
340,2005
341,4031
342,3008
343,4033
344,1008
345,4034
346,2006
347,4035
348,3009
349,2007
350,4036
351,4037
352,4006
353,4038
354,2008
355,4039
356,1009
357,4040
358,3010
359,4041
360,1001
361,1010
362,4042
363,2009
364,4043
365,4017
366,3011
367,1011
368,1012
369,4044
370,2010
371,4045
372,2011
373,4046
374,4047
375,4048
376,3013
377,1015
378,2013
379,4049
380,3014
381,1016
382,2014
383,3015
384,1017
385,4051
386,2015
387,4050
388,3016
389,4052
390,2017
391,2016
392,4054
393,4053
394,1018
395,3018
396,3017
397,4055
398,2018
399,4056
400,1019
401,6001
402,4057
403,1020
404,4059
405,4058
406,4061
407,2019
408,3019
409,4060
410,4062
411,2020
412,4063
413,1021
414,4064
415,4065
416,2021
417,1023
418,3021
419,4066
420,1024
424,4067
425,2023
426,3022
427,4068
428,3024
429,4070
430,4071
431,3025
432,1025
433,4072
435,2027
436,1026
437,4073
438,1027
439,1028
440,3028
441,1029
442,2028
443,4074
444,2029
445,1030
446,4075
447,2030
448,4076
449,4077
450,2032
451,4078
452,3029
453,3030
454,3031
455,2033
456,1033
457,4079
458,1034
459,1035
460,3032
461,1037
462,2034
463,3033
464,1038
465,1039
466,2035
467,2036
468,4080
469,4081
470,4082
474,3034
475,2037
476,2038
477,4083
479,1040
480,4085
481,2039
482,3035
483,2040
484,4086
485,1042
486,4087
488,1043
489,4088
490,3037
493,4089
494,4090
495,4091
496,2042
497,1044
498,3039
499,4092
501,1002
502,2002
503,3002
504,4001
505,1003
506,2003
507,3003
508,4004
509,4003
510,4005
511,4006
512,4001
513,4007
514,4001
515,4008
516,1004
517,2004
518,3004
519,4009
520,4010
521,4011
522,4001
523,4012
524,1005
525,4013
526,3005
527,4015
528,4016
529,4017
530,4019
531,4020
532,5001
533,4021
534,3006
535,4022
536,4024
537,1006
538,5001
539,4026
540,3007
541,4027
542,4028
543,4029
544,1007
545,4030
546,2005
547,4031
548,3008
549,4033
550,1008
551,4034
552,2006
553,4035
554,3009
555,4036
556,4037
557,4038
558,2008
559,4039
560,1009
561,4040
562,3010
563,4041
564,1010
565,4042
566,2009
567,4043
568,3011
569,1011
570,1012
571,4044
572,2010
573,4045
574,2011
575,4046
576,4047
577,4048
578,3013
579,1015
580,2013
581,4049
582,3014
583,1016
584,2014
585,3015
586,1017
587,4051
588,2015
589,4050
590,3016
591,4052
592,2017
593,2016
594,4054
595,4053
596,1018
597,3018
598,3017
599,4055
600,2018
601,4056
602,1019
603,4057
604,1020
605,4059
606,4058
607,4061
608,2019
609,3019
610,4060
611,4062
612,2020
613,4063
614,1021
615,4064
616,4065
617,2021
619,1023
620,3021
621,4066
622,1024
623,4067
624,2023
625,3022
627,4068
628,3024
629,4071
631,3025
632,2024
633,1025
634,4072
636,2027
637,1026
638,4073
639,1027
640,1028
641,3028
642,1029
643,2028
644,4074
645,2029
646,1030
647,4075
648,2030
649,4076
650,4077
651,2032
652,4078
653,3029
654,3030
655,3031
656,2033
657,1033
658,4079
659,1034
660,1035
661,3032
662,1037
663,2034
664,3033
665,1038
666,1039
667,2035
668,2036
669,4080
670,4081
671,4082
672,3034
673,2037
674,2038
675,4083
676,1040
677,4085
678,2039
679,3035
680,2040
681,4086
682,1042
683,4087
684,1043
685,4088
686,3037
687,4090
688,4091
689,2042
690,1044
691,3039
692,4092
693,1045
694,4093
695,3040
696,2043
697,4094
698,1046
699,4095
801,4014
802,4023
805,1013
806,5001
857,2024
859,3026
862,3027
867,1036
880,4084
901,9001
902,9002
903,9003
907,9004
915,4089
1301,1045
1302,4093
1303,3040
1304,2043
1305,4094
1306,1046
1307,4095
1308,4096
1309,2044
1310,4097
1311,2045
1315,3041
1317,2046
1318,3042
1319,1047
1320,4098
1321,1048
1322,2047
1323,3043
1325,4099
1326,1049
1327,4100
1328,3045
1329,2049
1330,1051
1331,3046
1332,3047
1333,4101
1334,4102
1501,4096
1502,2044
1503,4097
1504,2045
1505,3041
1506,2046
1507,3042
1508,1047
1509,4098
1510,1048
1511,2047
1512,3043
1513,4099
1514,1049
1515,4100
1516,3045
1517,2049
1518,1051
1519,3046
1520,3047
1521,4101
1522,4102
10019,6003
10036,6002
10389,4052
10441,1029
10632,2025
10642,1029
10857,2025
10862,3027
10867,1031
